Date,Volume,Value,Open,High,Low,Close,Change,Transaction
2015-04-29,"10,074,684","725,594,690",72.5,72.7,71.6,71.8,-0.8,"1,811"
2015-04-30,"6,780,532","484,999,522",71.6,71.8,71.15,71.45,-0.35,"1,457"
2015-05-04,"5,381,376","383,599,096",71.45,71.65,70.85,71.6,0.15,"1,220"
2015-05-05,"6,801,050","483,838,544",71.4,71.4,70.9,71.2,-0.4,"1,174"
2015-05-06,"6,603,488","468,611,056",70.8,71.4,70.5,71.3,0.1,"1,301"
2015-05-07,"10,204,224","718,490,164",70.8,70.8,70.15,70.45,-0.85,"1,945"
2015-05-08,"5,647,296","398,589,652",70.45,70.65,70.45,70.5,0.05,"1,082"
2015-05-11,"11,222,257","793,547,954",71.0,71.2,70.3,70.85,0.35,"1,986"
2015-05-12,"9,064,022","640,522,400",70.6,70.85,70.55,70.7,-0.15,"1,712"
2015-05-13,"6,874,083","488,179,679",70.7,71.2,70.7,71.1,0.4,"1,146"
2015-05-14,"16,520,264","1,161,687,961",70.85,70.95,70.0,70.1,-1.0,"3,256"
2015-05-15,"11,642,867","815,422,387",70.3,70.35,69.7,70.0,-0.1,"2,197"
2015-05-18,"3,248,292","227,961,241",70.05,70.3,70.0,70.25,0.25,950
2015-05-19,"8,458,272","601,702,901",70.4,71.45,70.4,71.3,1.05,"2,147"
2015-05-20,"7,530,606","534,194,695",71.25,71.25,70.8,70.8,-0.5,"1,216"
2015-05-21,"11,567,932","809,811,559",70.15,70.2,69.75,70.15,-0.65,"2,097"
2015-05-22,"6,152,758","435,042,013",70.2,70.95,70.2,70.7,0.55,"1,234"
2015-05-25,"2,391,058","169,027,182",70.45,70.95,70.3,70.7,0.0,734
2015-05-26,"7,521,312","535,292,867",71.2,71.6,70.8,71.0,0.3,"1,247"
2015-05-27,"5,812,358","413,273,073",70.85,71.3,70.7,71.15,0.15,974
2015-05-28,"5,790,144","414,080,476",71.75,71.9,71.25,71.5,0.35,"1,285"
2015-05-29,"4,900,148","349,371,690",71.7,71.7,71.05,71.1,-0.4,"1,635"
2015-06-01,"7,850,223","553,306,871",71.1,71.15,70.25,70.5,-0.6,"1,749"
2015-06-02,"4,867,412","341,989,139",70.45,70.5,70.0,70.4,-0.1,"1,142"
2015-06-03,"6,558,304","459,976,121",70.3,70.4,69.9,69.95,-0.45,"1,466"
2015-06-04,"28,182,317","1,941,540,073",69.8,69.9,68.35,68.6,-1.35,"5,559"
2015-06-05,"15,106,306","1,033,376,164",68.5,68.6,68.2,68.45,-0.15,"2,804"
2015-06-08,"9,094,127","622,037,152",68.3,69.05,68.0,68.9,0.45,"2,538"
2015-06-09,"18,429,951","1,258,036,692",68.5,68.6,68.0,68.35,-0.55,"2,856"
2015-06-10,"8,666,901","595,189,468",68.55,68.9,68.45,68.65,0.3,"1,959"
2015-06-11,"7,352,571","504,746,450",68.8,68.9,68.4,68.85,0.2,"1,254"
2015-06-12,"3,175,799","218,259,470",68.9,69.0,68.45,68.8,-0.05,870
2015-06-15,"3,761,616","258,521,656",68.8,69.0,68.5,68.65,-0.15,971
2015-06-16,"8,681,702","592,299,290",68.65,68.65,68.05,68.2,-0.45,"1,749"
2015-06-17,"5,564,580","380,966,978",68.2,68.75,68.2,68.5,0.3,"1,585"
2015-06-18,"10,688,270","730,684,809",68.45,68.55,68.2,68.4,-0.1,"1,343"
2015-06-22,"11,310,165","782,304,510",68.75,69.4,68.75,69.35,0.95,"1,920"
2015-06-23,"5,311,263","369,513,247",69.55,69.85,69.35,69.55,0.2,"1,515"
2015-06-24,"6,127,048","426,268,842",69.6,69.7,69.4,69.65,0.1,"1,203"
2015-06-25,"13,815,425","972,267,505",70.0,70.65,70.0,70.45,0.8,"2,531"
2015-06-26,"4,926,733","346,310,265",70.45,70.45,70.15,70.45,0.0,"1,336"
2015-06-29,"11,576,161","800,533,393",69.35,69.6,68.75,68.8,-1.65,"2,885"
2015-06-30,"4,093,490","282,871,294",68.8,69.4,68.8,69.4,0.6,"1,284"
2015-07-01,"6,063,171","424,660,570",69.4,70.3,69.25,70.05,+0.65,"1,853"
2015-07-02,"4,340,672","303,948,992",70.2,70.25,69.85,70.1,+0.05,747
2015-07-03,"7,762,464","540,423,608",70.0,70.2,69.25,70.1, 0.00,"1,679"
2015-07-06,"7,584,634","526,949,522",69.55,70.05,69.2,69.3,-0.80,"1,559"
2015-07-07,"4,706,919","328,215,180",69.65,70.1,69.45,69.6,+0.30,"1,222"
2015-07-08,"37,899,765","2,576,676,720",69.2,69.2,67.45,67.5,-2.10,"8,343"
2015-07-09,"33,083,128","2,203,429,334",66.8,67.35,66.1,67.1,-0.40,"5,730"
2015-07-13,"15,806,729","1,069,053,790",68.0,68.1,67.2,68.1,+1.00,"3,217"
2015-07-14,"9,618,532","657,390,583",68.3,68.7,68.05,68.1, 0.00,"2,324"
2015-07-15,"8,865,704","605,236,616",68.3,68.65,68.0,68.25,+0.15,"1,509"
2015-07-16,"6,939,583","476,110,012",68.6,68.95,68.2,68.6,+0.35,"1,968"
2015-07-17,"3,432,139","235,053,872",68.35,68.65,68.3,68.5,-0.10,944
2015-07-20,"7,832,044","535,748,692",69.0,69.2,67.8,68.0,-0.50,"1,873"
2015-07-21,"3,363,698","229,995,888",68.35,68.65,68.0,68.65,+0.65,978
2015-07-22,"14,139,939","961,043,676",68.2,68.3,67.7,67.8,-0.85,"2,273"
2015-07-23,"20,981,081","1,410,059,672",67.5,67.85,66.85,67.15,-0.65,"3,456"
2015-07-24,"19,922,048","1,331,121,496",67.05,67.25,66.5,66.75,-0.40,"3,021"
2015-07-27,"28,446,312","1,876,583,192",66.4,66.55,65.55,65.8,-0.95,"5,152"
2015-07-28,"17,518,780","1,154,891,944",65.75,66.3,65.5,65.85,+0.05,"3,321"
2015-07-29,"18,492,599","1,209,602,490",65.9,65.9,65.1,65.4,-0.45,"3,442"
2015-07-30,"7,473,893","494,964,459",65.6,66.55,65.55,66.5,+1.10,"2,258"
2015-07-31,"11,169,527","737,988,200",66.5,66.55,65.8,66.15,-0.35,"1,548"
2015-08-03,"15,758,422","1,027,197,865",65.9,65.9,64.9,65.25,-0.90,"3,454"
2015-08-04,"12,310,425","803,217,815",65.5,66.0,65.0,65.3,+0.05,"2,681"
2015-08-05,"9,875,104","648,399,318",65.55,66.0,65.3,65.7,+0.40,"1,782"
2015-08-06,"23,620,938","1,535,880,356",66.0,66.05,64.55,65.0,-0.70,"3,641"
2015-08-07,"6,898,672","446,241,008",64.5,65.0,64.2,64.7,-0.30,"2,267"
2015-08-10,"10,082,526","649,653,275",64.6,64.75,64.0,64.55,-0.15,"2,542"
2015-08-11,"17,411,425","1,131,041,320",65.3,65.8,64.4,64.55, 0.00,"4,036"
2015-08-12,"24,218,973","1,541,063,674",64.25,64.45,63.0,63.45,-1.10,"4,634"
2015-08-13,"16,147,105","1,025,508,660",63.45,63.9,63.35,63.55,+0.10,"2,147"
2015-08-14,"8,405,034","532,406,602",63.45,63.75,63.15,63.3,-0.25,"1,736"
2015-08-17,"13,852,886","871,311,567",63.3,63.3,62.7,62.9,-0.40,"2,367"
2015-08-18,"9,841,681","617,280,801",63.0,63.3,62.45,62.55,-0.35,"2,221"
2015-08-19,"17,595,647","1,088,315,857",62.4,62.5,61.3,61.6,-0.95,"4,364"
2015-08-20,"19,329,341","1,185,812,735",61.25,61.85,60.95,61.4,-0.20,"4,758"
2015-08-21,"28,076,492","1,689,327,220",60.6,60.75,59.8,59.8,-1.60,"6,417"
2015-08-24,"61,317,409","3,512,538,379",59.1,59.1,55.4,57.5,-2.30,"12,459"
2015-08-25,"43,487,996","2,578,413,633",57.5,60.0,57.5,60.0,+2.50,"9,667"
2015-08-26,"17,123,903","1,020,266,152",59.3,60.5,58.65,60.35,+0.35,"5,984"
2015-08-27,"18,326,474","1,106,779,689",60.6,60.65,60.0,60.15,-0.20,"5,627"
2015-08-28,"18,684,824","1,150,095,322",61.0,61.9,61.0,61.8,+1.65,"4,349"
2015-08-31,"18,957,915","1,171,281,528",61.3,62.35,61.2,62.3,+0.50,"2,806"
2015-09-01,"12,340,652","766,117,348",61.9,62.6,61.5,61.75,-0.55,"2,838"
2015-09-02,"18,170,477","1,118,387,496",61.1,62.3,60.95,62.1,+0.35,"4,619"
2015-09-03,"7,543,894","468,271,835",62.35,62.4,61.6,62.15,+0.05,"1,573"
2015-09-04,"15,808,961","978,163,876",62.15,62.55,61.35,61.35,-0.80,"2,202"
2015-09-07,"10,155,526","624,485,437",61.3,62.3,61.1,61.25,-0.10,"2,616"
2015-09-08,"9,642,248","592,119,472",61.5,61.65,61.1,61.45,+0.20,"3,030"
2015-09-09,"24,002,263","1,525,863,565",62.65,64.15,62.65,64.15,+2.70,"5,404"
2015-09-10,"10,184,783","646,044,883",63.8,63.8,63.15,63.45,-0.70,"3,300"
2015-09-11,"7,961,292","505,296,736",63.3,63.7,63.05,63.5,+0.05,"2,519"
2015-09-14,"4,389,671","279,210,234",63.9,64.0,63.25,63.65,+0.15,"2,011"
2015-09-15,"5,767,862","365,312,865",63.75,63.85,63.05,63.15,-0.50,"1,968"
2015-09-16,"7,422,817","473,560,457",63.65,64.0,63.4,63.9,+0.75,"2,266"
2015-09-17,"12,909,851","838,052,365",64.5,65.15,64.5,65.0,+1.10,"3,408"
2015-09-18,"3,507,233","227,184,655",65.0,65.0,64.55,64.85,-0.15,"1,275"
2015-09-21,"9,987,594","633,935,853",64.05,64.1,63.2,63.45,-1.40,"3,110"
2015-09-22,"4,330,875","275,986,550",63.55,63.95,63.55,63.8,+0.35,"1,130"
2015-09-23,"10,045,603","627,964,620",63.2,63.2,62.2,62.35,-1.45,"3,123"
2015-09-24,"7,364,956","458,475,049",62.55,62.85,61.9,62.0,-0.35,"1,904"
2015-09-25,"5,982,179","370,528,978",62.15,62.35,61.6,62.25,+0.25,"1,918"
2015-09-30,"8,574,123","533,541,019",61.45,62.6,61.45,62.4,+0.15,"2,087"
2015-10-01,"11,986,849","756,664,703",62.6,63.7,62.2,63.6,+1.20,"2,636"
2015-10-02,"7,571,907","479,582,469",63.35,63.6,63.1,63.25,-0.35,"1,083"
2015-10-05,"5,383,188","342,143,611",63.8,64.0,63.25,63.4,+0.15,"1,393"
2015-10-06,"8,300,522","533,161,323",64.15,64.7,63.85,63.9,+0.50,"2,059"
2015-10-07,"8,637,044","557,000,564",63.9,64.85,63.9,64.85,+0.95,"2,304"
2015-10-08,"12,360,377","803,154,003",65.1,65.3,64.6,64.7,-0.15,"1,896"
2015-10-12,"17,465,643","1,144,859,053",65.05,65.9,65.05,65.55,+0.85,"3,323"
2015-10-13,"7,489,789","489,761,011",65.6,65.65,65.15,65.3,-0.25,"1,921"
2015-10-14,"7,135,958","464,717,839",65.3,65.3,64.95,65.05,-0.25,"1,491"
2015-10-15,"14,357,990","948,629,290",65.65,66.35,65.65,66.0,+0.95,"3,011"
2015-10-16,"8,189,426","538,694,821",65.95,66.0,65.6,65.75,-0.25,"1,613"
2015-10-19,"7,411,159","488,570,053",66.0,66.2,65.7,65.95,+0.20,"1,305"
2015-10-20,"4,526,773","298,526,370",66.0,66.1,65.8,65.95, 0.00,"1,050"
2015-10-21,"11,498,457","755,187,599",66.1,66.15,65.4,65.5,-0.45,"2,296"
2015-10-22,"8,066,236","527,859,177",65.3,65.6,65.25,65.5, 0.00,"1,534"
2015-10-23,"20,687,758","1,367,594,228",66.2,66.5,65.85,65.9,+0.40,"2,965"
2015-10-26,"12,082,040","780,928,000",64.5,64.85,64.45,64.55,X0.00,"1,757"
2015-10-27,"5,723,238","367,024,006",64.5,64.55,63.95,64.2,-0.35,"1,825"
2015-10-28,"5,075,690","323,952,193",64.2,64.25,63.6,63.75,-0.45,"1,655"
2015-10-29,"8,413,837","533,508,526",64.1,64.3,63.1,63.3,-0.45,"2,871"
2015-10-30,"5,991,825","378,136,344",63.3,63.45,62.8,63.2,-0.10,"2,399"
2015-11-02,"4,831,277","304,671,497",63.1,63.4,62.6,63.3,+0.10,"1,725"
2015-11-03,"9,293,247","596,846,576",63.8,64.4,63.8,64.3,+1.00,"2,164"
2015-11-04,"16,551,361","1,080,387,132",64.75,65.6,64.7,65.55,+1.25,"3,662"
2015-11-05,"5,902,342","385,929,675",65.65,65.65,65.25,65.4,-0.15,"1,209"
2015-11-06,"11,915,559","764,182,459",65.4,65.4,63.65,64.1,-1.30,"3,697"
2015-11-09,"5,532,819","353,671,966",64.0,64.35,63.6,63.65,-0.45,"1,721"
2015-11-10,"8,847,191","557,861,747",63.3,63.4,62.85,62.9,-0.75,"2,553"
2015-11-11,"16,293,154","1,015,415,291",62.9,63.0,61.95,62.15,-0.75,"4,239"
2015-11-12,"14,213,968","883,316,520",62.2,62.4,61.85,62.25,+0.10,"2,700"
2015-11-13,"20,384,559","1,262,031,723",61.8,62.45,61.55,61.6,-0.65,"4,201"
2015-11-16,"13,429,751","819,612,811",61.2,61.3,60.6,61.15,-0.45,"4,047"
2015-11-17,"8,728,448","544,635,432",62.0,62.6,62.0,62.35,+1.20,"2,811"
2015-11-18,"14,981,437","923,579,944",62.35,62.35,61.2,61.4,-0.95,"3,674"
2015-11-19,"10,131,326","627,088,022",61.95,62.3,61.55,62.3,+0.90,"2,328"
2015-11-20,"5,421,687","337,471,802",62.35,62.5,62.05,62.3, 0.00,"1,182"
2015-11-23,"3,462,828","216,063,357",62.6,62.75,62.15,62.6,+0.30,900
2015-11-24,"6,598,498","410,058,375",62.5,62.65,61.85,61.95,-0.65,"1,251"
2015-11-25,"5,964,136","368,131,013",61.85,62.1,61.5,61.95, 0.00,"1,793"
2015-11-26,"8,642,337","542,093,707",62.3,62.95,62.3,62.8,+0.85,"2,045"
2015-11-27,"6,290,726","390,858,589",62.9,62.9,61.8,61.95,-0.85,"2,308"
2015-11-30,"23,268,522","1,412,480,813",60.9,61.2,60.45,61.2,-0.75,"6,178"
2015-12-01,"8,409,979","520,635,962",61.7,62.45,61.45,62.4,+1.20,"2,530"
2015-12-02,"6,361,207","397,283,746",62.45,62.75,62.15,62.3,-0.10,"1,629"
2015-12-03,"6,065,078","377,724,417",61.9,62.55,61.7,62.4,+0.10,"1,142"
2015-12-04,"15,048,650","928,987,155",61.95,61.95,61.4,61.75,-0.65,"2,915"
2015-12-07,"14,814,433","928,255,777",62.2,63.0,62.2,62.5,+0.75,"2,110"
2015-12-08,"9,200,859","566,137,416",62.25,62.3,61.2,61.5,-1.00,"3,502"
2015-12-09,"16,089,442","979,992,762",61.2,61.35,60.7,60.75,-0.75,"3,892"
2015-12-10,"16,616,017","999,797,705",60.4,60.75,59.75,60.55,-0.20,"4,438"
2015-12-11,"13,835,782","831,652,873",60.55,60.7,59.8,59.85,-0.70,"3,723"
2015-12-14,"9,528,711","565,570,905",59.25,59.65,59.0,59.4,-0.45,"3,711"
2015-12-15,"6,796,842","405,048,236",59.7,60.05,59.35,59.45,+0.05,"3,028"
2015-12-16,"6,530,297","392,518,947",60.0,60.4,59.7,60.35,+0.90,"2,214"
2015-12-17,"7,609,249","462,460,512",60.55,61.05,60.35,61.05,+0.70,"2,786"
2015-12-18,"4,893,146","297,429,598",60.85,61.25,60.5,60.75,-0.30,"1,690"
2015-12-21,"4,340,637","261,775,825",60.05,60.75,59.9,60.65,-0.10,"1,399"
2015-12-22,"5,138,591","311,500,101",60.7,60.9,60.4,60.8,+0.15,"1,014"
2015-12-23,"7,263,567","443,537,648",60.95,61.3,60.8,60.9,+0.10,"1,391"
2015-12-24,"8,456,472","519,184,263",61.35,61.65,61.2,61.2,+0.30,"1,563"
2015-12-25,"6,546,008","402,014,014",61.2,61.6,61.2,61.6,+0.40,"1,344"
2015-12-28,"3,449,303","212,316,497",61.7,61.7,61.4,61.45,-0.15,964
2015-12-29,"3,966,552","241,951,106",61.4,61.4,60.8,61.0,-0.45,"1,267"
2015-12-30,"7,262,466","440,947,363",61.15,61.15,60.45,60.55,-0.45,"1,436"
2015-12-31,"3,894,479","236,577,519",60.55,60.95,60.5,60.75,+0.20,988
2016-01-04,"16,928,063","1,009,176,452",60.8,60.95,59.05,59.55,-1.20,"5,730"
2016-01-05,"21,783,969","1,291,792,220",59.5,59.75,58.85,59.05,-0.50,"6,708"
2016-01-06,"28,939,550","1,688,039,896",59.05,59.05,57.9,58.45,-0.60,"8,406"
2016-01-07,"39,962,301","2,289,801,488",58.3,58.3,56.7,57.35,-1.10,"11,325"
2016-01-08,"25,450,734","1,459,152,633",57.0,57.7,56.85,57.45,+0.10,"7,024"
2016-01-11,"24,356,269","1,375,352,256",56.9,56.95,56.0,56.55,-0.90,"7,405"
2016-01-12,"17,649,886","998,368,462",56.8,57.0,56.3,56.5,-0.05,"5,238"
2016-01-13,"11,848,432","677,682,867",57.0,57.5,56.75,57.15,+0.65,"5,664"
2016-01-14,"15,487,360","871,255,829",56.5,56.7,55.85,56.7,-0.45,"5,765"
2016-01-15,"20,847,878","1,181,841,700",57.1,57.5,56.25,56.7, 0.00,"4,936"
2016-01-18,"13,014,340","736,737,370",55.9,57.3,55.8,57.1,+0.40,"4,379"
2016-01-19,"8,110,815","462,104,462",57.0,57.25,56.65,57.25,+0.15,"2,801"
2016-01-20,"22,688,368","1,270,701,758",56.85,56.85,55.6,55.9,-1.35,"7,993"
2016-01-21,"10,450,055","585,123,480",56.1,56.3,55.6,55.8,-0.10,"4,579"
2016-01-22,"13,943,516","784,844,013",56.35,56.6,56.0,56.55,+0.75,"3,835"
2016-01-25,"12,773,195","734,244,688",57.0,57.8,57.0,57.55,+1.00,"4,215"
2016-01-26,"7,583,870","431,532,884",57.0,57.15,56.7,57.0,-0.55,"3,599"
2016-01-27,"9,101,121","520,457,441",57.4,57.45,56.95,57.25,+0.25,"2,287"
2016-01-28,"10,224,860","588,123,466",57.15,57.75,57.0,57.55,+0.30,"3,285"
2016-01-29,"20,207,611","1,180,203,349",57.5,59.1,57.25,59.0,+1.45,"7,319"
2016-01-30,"13,202,648","785,683,942",59.45,59.7,59.2,59.55,+0.55,"3,965"
2016-02-01,"7,967,600","473,078,587",59.5,59.6,59.1,59.55, 0.00,"2,732"
2016-02-02,"4,584,277","272,135,216",59.45,59.55,59.0,59.35,-0.20,"1,748"
2016-02-03,"6,990,419","412,038,146",59.0,59.25,58.6,58.95,-0.40,"2,624"
2016-02-15,"7,221,411","424,601,837",58.3,59.1,58.1,59.0,+0.05,"2,176"
2016-02-16,"17,822,419","1,067,789,029",59.1,60.35,59.1,60.25,+1.25,"4,926"
2016-02-17,"12,473,522","750,453,287",60.4,60.5,59.95,59.95,-0.30,"3,478"
2016-02-18,"16,986,739","1,034,524,645",60.8,61.15,60.5,60.9,+0.95,"4,462"
2016-02-19,"11,352,431","690,604,191",60.8,61.05,60.6,60.85,-0.05,"4,864"
2016-02-22,"11,614,403","710,868,283",60.85,61.6,60.55,60.8,-0.05,"2,553"
2016-02-23,"4,916,180","299,142,784",61.0,61.15,60.7,60.85,+0.05,"1,464"
2016-02-24,"7,764,348","471,747,151",60.8,61.3,60.2,60.3,-0.55,"2,535"
2016-02-25,"16,933,970","1,033,960,315",60.6,61.35,60.5,61.1,+0.80,"3,204"
2016-02-26,"14,513,092","888,888,205",61.35,61.7,60.9,61.25,+0.15,"2,460"
2016-03-01,"17,236,846","1,063,544,724",61.25,61.95,61.1,61.85,+0.60,"3,170"
2016-03-02,"22,870,541","1,429,351,890",62.35,62.75,62.25,62.35,+0.50,"4,450"
2016-03-03,"32,602,730","2,049,950,175",62.35,63.3,62.35,62.95,+0.60,"4,358"
2016-03-04,"24,050,775","1,516,905,064",62.9,63.3,62.75,63.1,+0.15,"3,237"
2016-03-07,"21,497,714","1,360,686,374",63.2,63.7,62.9,63.1, 0.00,"3,147"
2016-03-08,"13,634,860","856,574,187",63.0,63.1,62.5,63.05,-0.05,"2,384"
2016-03-09,"8,097,374","509,283,704",63.05,63.15,62.65,63.1,+0.05,"2,074"
2016-03-10,"21,352,778","1,350,247,727",63.05,63.4,62.85,63.25,+0.15,"2,018"
2016-03-11,"22,682,346","1,438,882,479",63.2,63.75,63.05,63.55,+0.30,"2,712"
2016-03-14,"25,831,819","1,656,759,416",64.0,64.25,63.95,64.0,+0.45,"5,390"
2016-03-15,"18,905,608","1,202,923,134",64.0,64.1,63.0,63.05,-0.95,"5,012"
2016-03-16,"36,277,393","2,306,691,168",63.35,63.75,63.35,63.6,+0.55,"3,399"
2016-03-17,"20,031,419","1,293,323,925",64.55,64.9,64.05,64.3,+0.70,"4,479"
2016-03-18,"31,120,204","2,012,043,642",64.4,64.85,64.3,64.7,+0.40,"3,630"
2016-03-21,"6,056,792","391,100,684",64.9,65.05,64.2,64.6,-0.10,"1,337"
2016-03-22,"8,180,504","524,896,358",64.35,64.55,63.85,64.4,-0.20,"1,809"
2016-03-23,"11,996,985","773,806,611",64.4,64.85,64.25,64.35,-0.05,"2,241"
2016-03-24,"8,530,772","547,517,642",64.25,64.5,63.7,64.35, 0.00,"1,364"
2016-03-25,"3,814,633","244,659,326",64.5,64.5,63.95,64.05,-0.30,"1,093"
2016-03-28,"7,346,998","471,125,135",64.05,64.4,63.8,64.1,+0.05,"1,372"
2016-03-29,"10,741,646","685,826,209",64.0,64.3,63.5,63.65,-0.45,"1,828"
2016-03-30,"29,118,588","1,881,582,104",64.05,64.9,64.0,64.7,+1.05,"3,940"
2016-03-31,"16,046,959","1,040,188,630",65.1,65.4,64.45,64.65,-0.05,"4,899"
2016-04-01,"4,654,364","297,564,556",64.25,64.35,63.6,63.9,-0.75,"1,775"
2016-04-06,"8,957,175","560,162,916",63.3,63.3,62.35,62.4,-1.50,"3,518"
2016-04-07,"20,224,614","1,253,001,981",62.5,62.5,61.6,62.15,-0.25,"6,513"
2016-04-08,"6,752,732","421,875,102",61.8,62.8,61.8,62.75,+0.60,"1,520"
2016-04-11,"5,355,410","335,884,631",62.5,63.1,62.15,63.0,+0.25,"1,319"
2016-04-12,"2,753,865","173,786,257",63.05,63.5,62.75,62.95,-0.05,"1,104"
2016-04-13,"11,846,507","757,327,171",63.25,64.2,63.25,64.05,+1.10,"3,097"
2016-04-14,"8,125,157","522,525,255",64.4,64.6,64.1,64.25,+0.20,"1,959"
2016-04-15,"11,673,490","749,214,184",63.8,64.3,63.55,64.25, 0.00,"1,191"
2016-04-18,"2,145,729","137,218,318",64.05,64.2,63.85,63.85,-0.40,670
2016-04-19,"5,841,194","374,245,967",64.3,64.65,63.5,63.6,-0.25,"1,528"
2016-04-20,"8,981,513","565,820,758",63.5,64.1,62.55,62.65,-0.95,"2,726"
2016-04-21,"3,097,142","194,853,411",62.9,63.15,62.55,62.95,+0.30,"1,153"
2016-04-22,"2,685,186","169,439,838",62.95,63.4,62.8,63.2,+0.25,890
2016-04-25,"2,864,460","181,072,322",63.2,63.35,62.9,63.25,+0.05,672
2016-04-26,"4,894,769","311,241,971",63.1,63.9,63.1,63.5,+0.25,888
2016-04-27,"2,470,120","156,496,475",63.2,63.6,63.0,63.4,-0.10,752
2016-04-28,"10,321,711","645,803,565",63.5,63.55,62.15,62.4,-1.00,"2,365"
2016-04-29,"7,266,758","447,869,046",61.85,62.0,61.35,61.6,-0.80,"3,113"
2016-05-03,"9,711,627","591,944,096",61.6,61.6,60.7,60.75,-0.85,"4,271"
2016-05-04,"14,504,138","873,689,263",60.75,60.85,59.8,60.1,-0.65,"5,844"
2016-05-05,"14,591,369","873,837,755",60.1,60.25,59.65,60.2,+0.10,"4,651"
2016-05-06,"22,004,644","1,312,341,590",60.0,60.0,59.45,59.7,-0.50,"4,243"
2016-05-09,"14,499,071","865,314,510",59.9,60.0,59.4,59.7, 0.00,"3,032"
2016-05-10,"13,152,643","786,853,240",59.7,60.2,59.4,60.0,+0.30,"3,771"
2016-05-11,"19,053,550","1,140,114,831",60.2,60.3,59.55,59.85,-0.15,"4,160"
2016-05-12,"13,397,317","801,007,370",59.7,60.0,59.65,59.8,-0.05,"2,080"
2016-05-13,"29,668,619","1,756,484,413",59.55,59.55,59.0,59.15,-0.65,"6,218"
2016-05-16,"6,645,541","395,168,030",59.15,59.7,59.1,59.6,+0.45,"1,544"
2016-05-17,"12,344,892","736,147,664",59.65,60.1,59.25,60.05,+0.45,"2,582"
2016-05-18,"8,579,957","512,035,693",59.7,60.0,59.25,59.95,-0.10,"2,036"
2016-05-19,"8,050,497","479,673,191",60.0,60.05,59.3,59.65,-0.30,"1,960"
2016-05-20,"8,126,104","487,897,879",59.85,60.3,59.6,60.0,+0.35,"2,303"
2016-05-23,"21,664,315","1,324,826,930",60.1,62.0,59.85,62.0,+2.00,"5,021"
2016-05-24,"6,417,840","395,104,208",61.75,61.85,61.35,61.35,-0.65,"1,841"
2016-05-25,"25,858,751","1,604,437,512",61.75,62.25,61.75,62.0,+0.65,"3,726"
2016-05-26,"26,044,897","1,616,085,071",62.05,62.15,61.8,62.15,+0.15,"2,207"
2016-05-27,"25,759,714","1,608,299,432",62.4,62.65,62.2,62.6,+0.45,"3,211"
2016-05-30,"26,912,233","1,692,323,404",62.6,63.35,62.5,63.15,+0.55,"3,555"
2016-05-31,"8,678,987","547,637,441",63.05,63.35,62.8,63.15, 0.00,"2,005"
2016-06-01,"25,001,628","1,589,746,611",62.95,63.85,62.95,63.7,+0.55,"3,329"
2016-06-02,"13,721,372","875,256,815",63.7,64.05,63.4,63.7, 0.00,"2,516"
2016-06-03,"11,793,067","752,785,548",63.6,64.0,63.6,63.85,+0.15,"1,702"
2016-06-04,"3,201,144","204,558,077",63.75,64.0,63.7,63.95,+0.10,833
2016-06-06,"12,991,446","833,738,494",64.0,64.6,63.65,64.05,+0.10,"2,642"
2016-06-07,"30,837,577","1,994,630,619",64.3,64.95,64.3,64.9,+0.85,"4,278"
2016-06-08,"26,064,591","1,703,251,028",65.0,65.55,65.0,65.25,+0.35,"4,111"
2016-06-13,"9,520,123","609,293,904",64.3,64.45,63.7,63.75,-1.50,"2,267"
2016-06-14,"6,411,945","410,427,450",63.5,64.2,63.5,64.15,+0.40,"1,384"
2016-06-15,"22,583,365","1,450,755,086",64.15,64.4,63.6,64.25,+0.10,"3,257"
2016-06-16,"8,999,131","571,056,385",64.1,64.1,63.0,63.35,-0.90,"1,708"
2016-06-17,"5,808,972","372,933,222",63.85,64.4,63.85,64.05,+0.70,"1,355"
2016-06-20,"10,307,567","664,917,703",64.5,64.65,64.35,64.5,+0.45,"1,144"
2016-06-21,"18,113,336","1,172,739,969",64.5,64.95,64.45,64.75,+0.25,"3,911"
2016-06-22,"10,556,831","684,224,159",64.75,64.95,64.55,64.95,+0.20,"1,141"
2016-06-23,"32,188,327","2,084,118,216",64.8,64.85,64.55,64.8,-0.15,"1,147"
2016-06-24,"31,665,065","2,008,280,516",64.75,64.9,62.05,63.1,-1.70,"5,706"
2016-06-27,"4,931,264","313,187,141",63.2,63.75,63.0,63.75,+0.65,"1,620"
2016-06-28,"5,345,578","340,302,885",63.1,64.05,63.05,64.0,+0.25,"1,369"
2016-06-29,"9,101,408","588,313,462",64.15,65.0,64.15,64.7,+0.70,"2,756"
2016-06-30,"25,345,136","1,653,395,255",65.15,65.45,64.65,65.45,+0.75,"4,679"
2016-07-01,"30,668,430","2,028,998,931",65.85,66.4,65.65,66.25,+0.80,"4,916"
2016-07-04,"9,989,687","663,821,426",66.1,66.75,66.0,66.3,+0.05,"2,263"
2016-07-05,"5,997,962","396,552,787",66.2,66.25,65.85,66.1,-0.20,"1,503"
2016-07-06,"8,730,638","566,691,370",65.6,65.6,64.7,64.9,-1.20,"2,196"
2016-07-07,"6,587,558","431,861,376",65.45,65.75,65.35,65.7,+0.80,"2,000"
2016-07-11,"22,208,282","1,487,829,658",66.7,67.25,66.7,67.0,+1.30,"3,641"
2016-07-12,"15,397,426","1,038,392,338",67.15,67.6,67.15,67.6,+0.60,"3,020"
2016-07-13,"9,434,916","636,854,896",67.85,67.9,67.1,67.65,+0.05,"3,174"
2016-07-14,"10,109,848","684,176,798",67.5,67.85,67.3,67.7,+0.05,"2,189"
2016-07-15,"15,543,146","1,061,294,189",67.8,68.5,67.8,68.5,+0.80,"3,608"
2016-07-18,"36,847,905","2,537,886,845",68.45,69.15,68.45,69.15,+0.65,"4,314"
2016-07-19,"17,045,587","1,179,010,803",69.2,69.3,68.8,69.25,+0.10,"2,165"
2016-07-20,"24,718,112","1,708,767,278",69.0,69.3,68.8,69.2,-0.05,"3,976"
2016-07-21,"9,980,071","695,900,887",69.45,69.9,69.35,69.55,+0.35,"2,239"
2016-07-22,"3,265,094","226,629,026",69.55,69.7,69.2,69.3,-0.25,"1,280"
2016-07-25,"11,676,473","804,812,087",69.5,69.95,68.35,69.0,-0.30,"1,939"
2016-07-26,"13,212,330","913,810,372",69.0,69.4,68.85,69.4,+0.40,"1,815"
2016-07-27,"11,118,196","775,555,930",69.65,69.95,69.5,69.7,+0.30,"2,026"
2016-07-28,"11,452,443","790,887,453",69.0,69.25,68.6,69.05,X0.00,"1,682"
2016-07-29,"19,390,373","1,335,212,572",68.85,69.2,68.55,68.55,-0.50,"3,355"
2016-08-01,"10,407,371","720,963,537",68.8,69.45,68.8,69.3,+0.75,"1,682"
2016-08-02,"7,116,974","492,812,674",69.25,69.4,69.1,69.3, 0.00,"1,216"
2016-08-03,"13,801,107","946,584,522",68.5,68.9,68.05,68.75,-0.55,"1,470"
2016-08-04,"10,674,699","733,253,890",68.85,68.95,68.35,68.9,+0.15,"1,144"
2016-08-05,"12,422,864","864,171,627",69.1,69.75,68.9,69.6,+0.70,"2,242"
2016-08-08,"7,902,947","553,043,688",70.0,70.25,69.7,70.05,+0.45,"1,664"
2016-08-09,"11,568,485","812,755,084",70.0,70.45,69.95,70.4,+0.35,"2,128"
2016-08-10,"6,497,798","457,603,790",70.3,70.6,70.05,70.6,+0.20,"1,312"
2016-08-11,"10,903,420","764,847,436",70.2,70.55,69.45,69.95,-0.65,"1,445"
2016-08-12,"5,258,706","369,627,870",70.15,70.5,70.05,70.2,+0.25,"1,246"
2016-08-15,"4,797,475","337,198,175",70.2,70.5,69.9,70.35,+0.15,869
2016-08-16,"4,431,992","310,743,190",70.3,70.5,69.7,69.95,-0.40,"1,249"
2016-08-17,"8,925,360","624,761,250",69.9,70.1,69.75,70.05,+0.10,"3,274"
2016-08-18,"3,275,034","229,222,344",70.0,70.15,69.8,69.9,-0.15,559
2016-08-19,"8,299,801","577,768,663",69.9,70.45,69.2,69.2,-0.70,"1,432"
2016-08-22,"7,083,411","486,606,651",69.0,69.15,68.45,68.7,-0.50,"1,495"
2016-08-23,"7,084,009","491,063,695",68.9,69.6,68.9,69.4,+0.70,851
2016-08-24,"5,071,479","351,620,508",69.35,69.55,69.2,69.2,-0.20,585
2016-08-25,"8,022,568","560,917,960",69.3,70.15,69.3,70.0,+0.80,"1,233"
2016-08-26,"2,991,939","209,743,380",69.95,70.3,69.8,70.1,+0.10,786
2016-08-29,"3,554,924","247,992,994",69.9,70.15,69.2,70.05,-0.05,829
2016-08-30,"3,791,222","265,330,977",70.0,70.25,69.8,70.0,-0.05,647
2016-08-31,"5,206,081","362,946,724",69.85,70.05,69.3,69.4,-0.60,"1,043"
2016-09-01,"5,965,179","411,120,094",69.3,69.3,68.6,69.05,-0.35,"1,212"
2016-09-02,"2,615,482","180,788,881",69.1,69.3,68.8,69.15,+0.10,577
2016-09-05,"8,523,041","597,721,933",69.8,70.3,69.8,70.3,+1.15,"1,576"
2016-09-06,"7,342,971","518,714,114",70.25,70.9,70.25,70.85,+0.55,"1,940"
2016-09-07,"9,686,777","693,084,535",70.95,71.9,70.95,71.85,+1.00,"2,834"
2016-09-08,"4,674,329","334,565,799",71.8,71.8,71.4,71.6,-0.25,724
2016-09-09,"5,230,374","368,985,083",70.9,70.9,70.35,70.4,-1.20,"1,163"
2016-09-10,"8,825,756","612,259,307",69.15,69.6,69.0,69.4,-1.00,"1,835"
2016-09-12,"7,236,436","498,384,107",69.35,69.35,68.7,68.85,-0.55,"1,986"
2016-09-13,"7,123,286","490,199,734",69.1,69.2,68.2,68.85, 0.00,"1,413"
2016-09-14,"5,624,161","386,564,787",68.5,69.05,68.45,68.45,-0.40,"1,162"
2016-09-19,"9,887,905","695,261,205",69.4,71.0,69.4,71.0,+2.55,"2,918"
2016-09-20,"2,795,180","197,878,706",70.9,71.0,70.6,70.9,-0.10,796
2016-09-21,"12,156,219","864,927,150",70.75,71.35,70.55,71.25,+0.35,"3,370"
2016-09-22,"4,929,382","352,530,819",71.9,72.0,71.25,71.4,+0.15,"1,128"
2016-09-23,"4,215,738","302,470,817",71.5,71.9,71.4,71.9,+0.50,"1,607"
2016-09-26,"3,736,578","265,907,989",71.5,71.5,71.0,71.0,-0.90,765
2016-09-29,"9,624,483","691,781,380",71.85,72.15,71.4,71.9,+0.90,"2,068"
2016-09-30,"5,843,939","415,283,648",71.15,71.35,70.8,70.95,-0.95,820
2016-10-03,"3,888,034","277,328,688",71.2,71.6,71.1,71.45,+0.50,851
2016-10-04,"5,169,849","370,215,087",71.45,71.75,71.3,71.75,+0.30,718
2016-10-05,"2,838,310","203,317,488",71.6,71.85,71.45,71.5,-0.25,489
2016-10-06,"2,071,768","148,366,268",71.7,71.75,71.45,71.7,+0.20,520
2016-10-07,"3,053,425","218,908,302",71.6,71.8,71.6,71.65,-0.05,516
2016-10-11,"6,945,823","499,048,287",72.35,72.45,71.2,71.45,-0.20,"1,371"
2016-10-12,"6,057,198","435,873,394",71.5,72.3,71.35,72.25,+0.80,"1,398"
2016-10-13,"5,454,942","391,910,064",72.2,72.3,71.45,71.7,-0.55,785
2016-10-14,"3,633,218","259,915,436",71.3,71.9,71.3,71.45,-0.25,856
2016-10-17,"4,422,098","314,011,945",71.45,71.6,70.6,71.45, 0.00,920
2016-10-18,"3,619,946","259,443,312",71.5,71.95,71.3,71.95,+0.50,796
2016-10-19,"21,575,332","1,563,479,621",72.0,72.6,72.0,72.35,+0.40,"3,246"
2016-10-20,"4,836,032","351,124,080",72.35,72.75,72.35,72.65,+0.30,"1,259"
2016-10-21,"4,234,740","308,183,379",72.65,73.05,72.55,72.6,-0.05,749
2016-10-24,"3,265,122","237,613,138",72.85,72.95,72.6,72.7,+0.10,598
2016-10-25,"3,715,773","271,850,460",72.85,73.5,72.85,73.4,+0.70,"1,070"
2016-10-26,"2,868,454","209,503,168",73.0,73.15,72.9,73.0,-0.40,469
2016-10-27,"3,170,404","230,465,068",73.0,73.15,72.4,72.6,-0.40,629
2016-10-28,"4,275,037","310,172,077",72.6,72.75,72.45,72.6, 0.00,366
2016-10-31,"5,464,146","394,236,445",72.25,72.7,71.7,72.6, 0.00,717
2016-11-01,"2,024,337","146,646,068",72.25,72.6,72.1,72.6, 0.00,391
2016-11-02,"5,502,479","394,615,232",71.95,72.0,71.6,71.75,-0.85,"1,116"
2016-11-03,"4,554,732","324,765,390",71.45,71.6,71.1,71.2,-0.55,"1,299"
2016-11-04,"4,346,371","308,626,872",71.0,71.2,70.85,71.0,-0.20,"1,093"
2016-11-07,"3,235,375","232,393,622",71.8,72.0,71.45,72.0,+1.00,"1,544"
2016-11-08,"2,694,109","194,530,719",72.15,72.4,72.0,72.35,+0.35,847
2016-11-09,"19,936,675","1,410,922,018",72.85,73.05,70.0,70.0,-2.35,"4,810"
2016-11-10,"6,699,699","481,884,878",71.8,72.1,71.75,72.0,+2.00,"1,932"
2016-11-11,"8,375,831","588,020,191",70.35,70.7,69.95,70.05,-1.95,"2,688"
2016-11-14,"7,117,151","496,754,451",69.95,70.3,69.45,70.1,+0.05,"1,670"
2016-11-15,"4,015,684","280,809,982",69.8,70.1,69.75,69.9,-0.20,"1,309"
2016-11-16,"24,749,610","1,739,238,360",70.2,70.5,69.95,70.0,+0.10,"5,009"
2016-11-17,"3,313,486","232,129,391",70.0,70.2,69.75,70.2,+0.20,"1,622"
2016-11-18,"2,119,539","148,731,037",70.1,70.4,69.9,70.4,+0.20,598
2016-11-21,"2,649,990","186,524,490",70.3,70.5,70.1,70.5,+0.10,539
2016-11-22,"5,293,782","377,011,832",70.75,71.65,70.75,71.45,+0.95,"1,725"
2016-11-23,"1,907,717","136,841,949",71.5,71.9,71.45,71.8,+0.35,710
2016-11-24,"2,303,410","164,354,604",71.6,71.6,71.2,71.4,-0.40,676
2016-11-25,"2,649,250","189,253,897",71.35,71.65,71.25,71.35,-0.05,581
2016-11-28,"2,646,049","189,938,951",71.35,72.0,71.35,71.75,+0.40,788
2016-11-29,"1,417,871","101,829,278",71.9,72.0,71.65,71.65,-0.10,452
2016-11-30,"1,918,325","137,591,850",71.7,71.9,71.5,71.7,+0.05,595
2016-12-01,"1,955,817","140,730,135",71.6,72.1,71.6,72.0,+0.30,666
2016-12-02,"3,307,698","235,128,806",71.2,71.2,70.9,71.2,-0.80,736
2016-12-05,"1,388,169","98,576,875",71.2,71.2,70.8,71.1,-0.10,367
2016-12-06,"2,435,954","175,403,601",71.8,72.2,71.75,72.0,+0.90,768
2016-12-07,"1,467,377","105,807,162",72.2,72.35,71.9,72.0, 0.00,475
2016-12-08,"6,085,595","442,984,227",72.3,73.0,72.3,72.9,+0.90,"1,529"
2016-12-09,"5,418,281","395,994,807",73.05,73.2,72.95,73.15,+0.25,"1,389"
2016-12-12,"3,208,556","234,598,867",73.3,73.55,72.75,72.85,-0.30,"1,319"
2016-12-13,"2,548,640","185,727,920",72.85,73.0,72.65,72.95,+0.10,888
2016-12-14,"2,827,980","206,668,707",73.2,73.3,72.9,73.1,+0.15,"1,333"
2016-12-15,"3,017,786","219,455,120",72.55,73.0,72.4,73.0,-0.10,548
2016-12-16,"2,148,428","155,907,874",72.8,72.8,72.3,72.3,-0.70,491
2016-12-19,"2,680,960","193,048,170",72.25,72.3,71.85,71.85,-0.45,892
2016-12-20,"2,029,791","145,668,837",71.95,71.95,71.55,71.75,-0.10,634
2016-12-21,"9,321,197","668,442,424",71.75,71.85,71.5,71.7,-0.05,"2,904"
2016-12-22,"4,971,537","352,951,027",71.55,71.55,70.8,70.8,-0.90,"2,011"
2016-12-23,"5,125,956","361,673,215",70.6,70.85,70.35,70.55,-0.25,"1,671"
2016-12-26,"2,104,929","148,795,659",70.65,70.8,70.55,70.8,+0.25,740
2016-12-27,"2,494,279","176,416,611",70.8,70.9,70.65,70.75,-0.05,613
2016-12-28,"3,686,010","263,088,848",70.85,71.6,70.85,71.6,+0.85,885
2016-12-29,"1,911,106","136,351,033",71.45,71.45,71.2,71.25,-0.35,685
2016-12-30,"2,726,453","195,669,616",71.65,72.0,71.55,71.8,+0.55,660
2017-01-03,"2,331,431","167,301,490",71.7,71.9,71.5,71.9,+0.10,451
2017-01-04,"4,284,195","308,177,877",72.0,72.1,71.75,71.85,-0.05,614
2017-01-05,"4,573,600","330,422,521",71.85,72.5,71.8,72.5,+0.65,"1,236"
2017-01-06,"3,752,998","272,387,663",72.45,72.75,72.45,72.65,+0.15,980
2017-01-09,"5,038,290","366,344,482",72.75,72.95,72.3,72.45,-0.20,"1,057"
2017-01-10,"1,857,853","134,624,612",72.45,72.6,72.4,72.4,-0.05,422
2017-01-11,"1,898,053","137,621,077",72.8,72.85,72.4,72.4, 0.00,589
2017-01-12,"4,857,459","354,847,738",72.6,73.3,72.6,73.15,+0.75,"1,399"
2017-01-13,"3,909,860","284,091,239",72.8,72.8,72.6,72.6,-0.55,835
2017-01-16,"2,418,439","174,145,772",72.4,72.4,71.8,72.0,-0.60,881
2017-01-17,"1,572,741","113,686,311",72.0,72.4,72.0,72.3,+0.30,494
2017-01-18,"3,837,818","276,891,011",72.2,72.2,72.05,72.15,-0.15,679
2017-01-19,"4,065,559","292,416,114",71.85,72.1,71.6,71.95,-0.20,665
2017-01-20,"2,422,174","174,730,158",71.95,72.25,71.95,72.15,+0.20,"1,433"
2017-01-23,"5,965,089","434,672,631",72.55,73.0,72.55,72.75,+0.60,"1,534"
2017-01-24,"4,575,104","334,830,127",73.0,73.3,72.9,73.3,+0.55,"1,858"
2017-02-02,"6,999,147","511,783,003",73.5,73.65,72.75,72.9,-0.40,"1,808"
2017-02-03,"2,809,194","204,726,612",72.95,73.15,72.65,72.85,-0.05,"1,203"
2017-02-06,"2,947,246","215,765,564",73.0,73.4,72.95,73.25,+0.40,"1,195"
2017-02-07,"4,305,232","315,681,749",73.1,73.45,73.1,73.3,+0.05,"1,897"
2017-02-08,"4,433,939","317,740,281",71.9,71.9,71.35,71.75,X0.00,"2,095"
2017-02-09,"3,548,420","255,343,191",71.75,72.2,71.65,72.0,+0.25,857
2017-02-10,"4,869,787","353,758,401",72.1,72.95,72.1,72.8,+0.80,"1,148"
2017-02-13,"3,330,147","243,215,631",72.8,73.1,72.8,72.95,+0.15,924
2017-02-14,"6,071,668","445,062,006",73.4,73.5,73.1,73.2,+0.25,"1,379"
2017-02-15,"9,407,004","692,431,969",73.3,73.9,73.2,73.9,+0.70,"2,298"
2017-02-16,"5,466,631","402,438,648",74.0,74.2,73.35,73.45,-0.45,"1,713"
2017-02-17,"5,192,773","381,393,148",73.65,73.7,73.35,73.35,-0.10,"1,184"
2017-02-18,"3,227,803","237,095,308",73.3,73.55,73.2,73.5,+0.15,"1,190"
2017-02-20,"2,802,606","205,434,206",73.55,73.65,73.1,73.1,-0.40,"1,401"
2017-02-21,"3,337,389","244,318,096",73.2,73.4,73.05,73.25,+0.15,527
2017-02-22,"2,938,397","215,548,987",73.6,73.7,73.15,73.3,+0.05,484
2017-02-23,"2,332,442","170,965,930",73.25,73.55,73.1,73.1,-0.20,571
2017-02-24,"1,844,790","134,857,020",73.05,73.3,72.85,73.15,+0.05,615
2017-03-01,"3,107,350","225,726,160",73.1,73.1,72.35,72.35,-0.80,"1,270"
2017-03-02,"7,057,872","512,240,160",72.95,73.25,72.25,72.55,+0.20,"1,735"
2017-03-03,"4,410,226","318,135,638",72.3,72.35,72.0,72.1,-0.45,"1,751"
2017-03-06,"2,177,363","157,105,795",72.05,72.25,72.0,72.15,+0.05,882
2017-03-07,"2,027,296","146,868,581",72.25,72.6,72.25,72.45,+0.30,833
2017-03-08,"2,182,147","158,530,106",72.65,72.85,72.45,72.85,+0.40,842
2017-03-09,"3,381,395","243,825,130",72.6,72.6,71.95,72.05,-0.80,"1,599"
2017-03-10,"5,423,285","389,031,634",71.95,72.05,71.55,72.0,-0.05,"1,558"
2017-03-13,"2,515,382","182,074,433",72.15,72.5,72.15,72.5,+0.50,779
2017-03-14,"3,948,353","287,952,737",72.6,73.1,72.6,73.0,+0.50,"1,207"
2017-03-15,"3,490,372","254,234,206",72.8,73.0,72.6,72.85,-0.15,"1,293"
2017-03-16,"7,545,149","555,972,274",73.3,73.85,73.3,73.8,+0.95,"2,754"
2017-03-17,"5,265,875","389,526,850",73.85,74.1,73.75,74.0,+0.20,"2,375"
2017-03-20,"5,073,186","375,539,714",73.95,74.15,73.85,73.95,-0.05,"1,028"
2017-03-21,"8,511,270","634,988,551",74.3,74.9,74.3,74.9,+0.95,"1,843"
2017-03-22,"4,939,975","366,163,705",74.25,74.25,74.0,74.2,-0.70,"1,268"
2017-03-23,"4,105,955","305,444,615",74.6,74.65,74.15,74.35,+0.15,687
2017-03-24,"3,308,120","245,456,942",74.35,74.4,74.1,74.25,-0.10,548
2017-03-27,"2,474,340","183,601,806",74.0,74.4,73.85,74.2,-0.05,582
2017-03-28,"5,565,534","413,437,983",74.55,74.6,73.95,74.25,+0.05,"1,726"
2017-03-29,"2,464,193","182,878,025",74.45,74.5,74.0,74.0,-0.25,551
2017-03-30,"2,181,458","161,500,292",74.0,74.25,73.9,73.9,-0.10,424
2017-03-31,"2,008,887","148,377,572",73.95,74.1,73.7,73.7,-0.20,614
2017-04-05,"3,594,368","267,911,149",73.95,74.8,73.95,74.65,+0.95,"1,177"
2017-04-06,"2,811,150","209,240,706",74.8,74.8,74.3,74.4,-0.25,880
2017-04-07,"1,889,165","139,505,932",74.3,74.3,73.4,74.1,-0.30,887
2017-04-10,"1,060,789","78,625,981",74.1,74.25,74.0,74.2,+0.10,394
2017-04-11,"1,266,959","93,779,536",74.1,74.4,73.75,73.9,-0.30,647
2017-04-12,"1,940,147","143,460,184",73.9,74.1,73.65,74.05,+0.15,802
2017-04-13,"6,004,675","446,309,468",73.9,74.45,73.9,74.4,+0.35,877
2017-04-14,"2,674,280","196,994,842",73.9,73.9,73.5,73.55,-0.85,"1,263"
2017-04-17,"5,339,490","393,147,347",73.55,73.8,73.35,73.6,+0.05,"1,008"
2017-04-18,"4,099,924","302,371,805",73.85,74.0,73.5,73.6, 0.00,671
2017-04-19,"9,185,446","669,532,623",73.1,73.25,72.65,72.8,-0.80,"3,402"
2017-04-20,"3,142,256","228,422,188",72.55,72.9,72.5,72.8, 0.00,"1,420"
2017-04-21,"3,247,213","238,184,129",73.25,73.5,73.1,73.5,+0.70,"1,035"
2017-04-24,"4,309,464","317,407,130",73.9,73.95,73.45,73.65,+0.15,896
2017-04-25,"5,698,061","422,598,229",73.85,74.4,73.7,74.35,+0.70,"1,525"
2017-04-26,"4,117,953","307,089,866",74.7,74.7,74.4,74.55,+0.20,953
2017-04-27,"3,685,290","273,944,187",74.35,74.5,74.15,74.5,-0.05,734
2017-04-28,"4,423,100","329,448,991",74.5,74.6,74.3,74.55,+0.05,938
2017-05-02,"15,728,364","1,183,549,491",75.0,75.4,75.0,75.2,+0.65,"2,827"
2017-05-03,"4,711,953","355,729,364",75.3,75.65,75.3,75.55,+0.35,"1,708"
2017-05-04,"3,996,825","301,811,102",75.55,75.65,75.35,75.65,+0.10,"1,145"
2017-05-05,"5,287,815","397,880,732",75.45,75.45,75.1,75.15,-0.50,"1,320"
2017-05-08,"4,083,374","308,091,358",75.55,75.7,75.25,75.7,+0.55,"1,054"
2017-05-09,"4,190,236","319,313,121",75.7,76.5,75.7,75.95,+0.25,"1,120"
2017-05-10,"1,763,035","134,244,947",76.15,76.35,76.0,76.25,+0.30,638
2017-05-11,"2,018,313","154,148,338",76.1,76.5,76.0,76.5,+0.25,736
2017-05-12,"2,810,989","214,492,626",76.25,76.5,76.15,76.3,-0.20,539
2017-05-15,"1,285,720","98,284,746",76.3,76.55,76.2,76.5,+0.20,539
2017-05-16,"1,598,332","122,092,507",76.5,76.6,76.25,76.5, 0.00,803
2017-05-17,"1,331,528","101,438,562",76.3,76.4,76.05,76.3,-0.20,476
2017-05-18,"4,271,928","323,392,357",75.65,75.9,75.3,75.9,-0.40,943
2017-05-19,"1,162,847","88,166,922",75.65,75.9,75.65,75.85,-0.05,297
2017-05-22,"2,576,137","195,790,949",75.95,76.15,75.75,76.05,+0.20,761
2017-05-23,"3,844,351","292,887,587",76.05,76.45,76.0,76.35,+0.30,568
2017-05-24,"2,886,268","220,350,338",76.35,76.45,76.25,76.3,-0.05,645
2017-05-25,"4,681,977","360,095,129",76.7,77.0,76.45,77.0,+0.70,"1,568"
2017-05-26,"4,018,329","308,975,447",77.0,77.15,76.75,76.95,-0.05,598
2017-05-31,"2,701,301","207,172,841",76.95,77.5,76.4,76.5,-0.45,765
2017-06-01,"2,221,692","170,334,430",76.5,76.9,76.5,76.9,+0.40,782
2017-06-02,"3,540,934","273,287,776",77.3,77.3,77.05,77.2,+0.30,733
2017-06-03,"2,052,295","158,709,516",77.25,77.4,77.25,77.4,+0.20,541
2017-06-05,"3,281,752","254,540,406",77.35,78.0,77.25,78.0,+0.60,849
2017-06-06,"1,203,007","93,684,346",77.95,77.95,77.7,77.95,-0.05,618
2017-06-07,"1,844,790","143,852,570",77.9,78.1,77.7,77.95, 0.00,485
2017-06-08,"1,886,861","147,421,476",77.95,78.25,77.8,78.25,+0.30,489
2017-06-09,"3,010,414","235,254,296",78.05,78.35,77.95,78.0,-0.25,"1,261"
2017-06-12,"3,300,815","254,991,488",77.15,77.5,77.05,77.15,-0.85,"1,008"
2017-06-13,"1,615,980","124,661,164",77.15,77.3,77.0,77.25,+0.10,437
2017-06-14,"3,380,592","259,920,485",77.4,77.4,76.5,76.85,-0.40,775
2017-06-15,"1,507,476","115,742,992",76.8,76.9,76.6,76.9,+0.05,473
2017-06-16,"4,233,093","327,234,575",76.9,77.7,76.85,77.7,+0.80,711
2017-06-19,"5,144,835","403,115,770",77.7,78.55,77.7,78.55,+0.85,"1,459"
2017-06-20,"4,046,834","320,905,688",78.6,79.65,78.6,79.45,+0.90,"1,306"
2017-06-21,"13,612,954","1,084,759,757",79.2,79.9,78.85,79.55,+0.10,"2,001"
2017-06-22,"6,112,800","487,656,013",79.6,79.85,79.55,79.75,+0.20,"1,120"
2017-06-23,"8,517,089","679,313,575",79.75,80.05,79.65,79.7,-0.05,"3,426"
2017-06-26,"14,254,481","1,152,368,187",79.8,81.5,79.8,81.4,+1.70,"2,367"
2017-06-27,"3,026,202","245,706,817",81.4,81.5,81.0,81.3,-0.10,"1,145"
2017-06-28,"6,286,912","506,227,717",80.9,81.05,80.3,80.55,-0.75,"2,321"
2017-06-29,"1,427,255","115,380,165",81.0,81.05,80.5,80.65,+0.10,513
2017-06-30,"3,070,653","245,991,027",80.1,80.4,79.8,80.4,-0.25,854
2017-07-03,"1,551,046","124,698,923",80.4,80.6,80.2,80.45,+0.05,619
2017-07-04,"1,237,199","99,372,295",80.45,80.6,80.0,80.0,-0.45,522
2017-07-05,"2,274,312","182,530,450",80.1,80.75,79.75,80.75,+0.75,765
2017-07-06,"2,492,419","200,268,697",80.75,80.75,80.2,80.4,-0.35,715
2017-07-07,"3,569,810","285,400,443",80.25,80.25,79.8,79.95,-0.45,"1,199"
2017-07-10,"3,549,929","284,770,751",80.0,80.45,80.0,80.35,+0.40,"1,183"
2017-07-11,"4,138,771","336,245,539",80.7,81.55,80.55,81.55,+1.20,"1,699"
2017-07-12,"3,948,227","322,132,882",81.5,81.8,81.3,81.55, 0.00,"1,168"
2017-07-13,"3,992,624","328,058,991",81.95,82.4,81.75,82.2,+0.65,"1,055"
2017-07-14,"2,281,634","187,062,793",82.0,82.15,81.8,82.05,-0.15,903
2017-07-17,"2,687,643","221,106,322",82.5,82.55,82.0,82.2,+0.15,916
2017-07-18,"3,277,706","269,432,663",82.2,82.4,81.85,82.4,+0.20,799
2017-07-19,"7,267,690","601,075,693",82.35,83.0,82.35,82.7,+0.30,"2,647"
2017-07-20,"2,020,686","167,118,472",82.85,82.9,82.55,82.65,-0.05,564
2017-07-21,"4,465,912","367,035,273",82.6,82.6,82.05,82.1,-0.55,"1,448"
2017-07-24,"2,364,317","194,054,288",81.95,82.3,81.75,82.3,+0.20,973
2017-07-25,"2,126,646","175,014,217",82.3,82.5,82.1,82.45,+0.15,676
2017-07-26,"2,357,445","194,141,125",82.55,82.75,82.05,82.15,-0.30,865
2017-07-27,"2,213,720","183,279,010",82.2,83.0,82.2,83.0,+0.85,696
2017-07-28,"4,401,601","361,925,338",82.4,82.45,81.95,82.1,-0.90,"1,291"
2017-07-31,"2,806,599","228,312,297",81.45,81.5,81.05,81.35,X0.00,879
2017-08-01,"2,642,390","216,364,087",82.15,82.15,81.55,81.8,+0.45,732
2017-08-02,"5,045,458","415,944,445",82.0,82.65,82.0,82.5,+0.70,"1,221"
2017-08-03,"4,029,108","330,913,722",81.85,82.35,81.7,82.2,-0.30,827
2017-08-04,"1,143,998","94,089,503",82.15,82.35,82.05,82.35,+0.15,427
2017-08-07,"4,108,819","340,304,464",82.45,83.0,82.45,82.95,+0.60,"1,251"
2017-08-08,"2,985,746","247,502,919",83.05,83.25,82.55,82.9,-0.05,728
2017-08-09,"3,122,228","256,746,634",82.55,82.6,82.05,82.15,-0.75,"1,325"
2017-08-10,"3,168,994","258,728,506",82.35,82.45,81.35,81.6,-0.55,"1,480"
2017-08-11,"2,747,290","222,731,207",80.85,81.35,80.75,81.25,-0.35,"1,267"
2017-08-14,"2,245,412","182,056,872",81.45,81.6,80.75,80.75,-0.50,"1,259"
2017-08-15,"2,708,861","220,017,887",81.3,81.5,80.95,81.3,+0.55,"1,240"
2017-08-16,"6,282,836","507,696,840",81.15,81.25,80.6,81.0,-0.30,"3,347"
2017-08-17,"1,968,802","160,481,161",81.25,81.7,81.15,81.65,+0.65,"1,359"
2017-08-18,"2,315,643","187,445,943",81.0,81.15,80.65,81.15,-0.50,"1,477"
2017-08-21,"2,050,279","166,059,249",81.05,81.2,80.75,81.05,-0.10,"1,214"
2017-08-22,"3,986,645","326,026,244",81.45,81.9,81.45,81.85,+0.80,"1,808"
2017-08-23,"5,504,507","451,486,956",82.0,82.25,81.75,81.75,-0.10,"1,548"
2017-08-24,"3,487,871","287,289,732",81.85,82.55,81.85,82.55,+0.80,"1,621"
2017-08-25,"2,614,758","216,110,040",82.65,82.75,82.4,82.7,+0.15,"1,497"
2017-08-28,"2,773,226","229,032,672",82.7,82.8,82.4,82.55,-0.15,"1,625"
2017-08-29,"1,228,682","100,988,135",82.25,82.4,81.95,82.3,-0.25,758
2017-08-30,"4,119,943","340,949,183",82.65,82.9,82.6,82.7,+0.40,"1,574"
2017-08-31,"3,284,317","272,401,261",83.15,83.15,82.7,82.95,+0.25,863
2017-09-01,"4,429,357","367,698,896",82.95,83.2,82.65,83.0,+0.05,"1,242"
2017-09-04,"2,595,960","215,379,980",82.9,83.05,82.7,82.85,-0.15,"1,249"
2017-09-05,"2,564,014","212,297,667",82.9,83.0,82.65,82.95,+0.10,894
2017-09-06,"2,891,459","239,135,774",82.7,82.9,82.35,82.6,-0.35,733
2017-09-07,"1,368,850","112,962,000",82.8,82.85,82.2,82.25,-0.35,523
2017-09-08,"2,841,807","235,025,531",82.4,82.9,82.4,82.7,+0.45,460
2017-09-11,"1,627,740","134,840,770",83.25,83.35,82.5,82.55,-0.15,641
2017-09-12,"1,394,251","115,579,395",82.95,83.05,82.65,82.85,+0.30,484
2017-09-13,"2,175,414","179,336,920",82.9,83.0,82.25,82.3,-0.55,853
2017-09-14,"1,749,686","144,135,177",82.3,82.55,82.15,82.35,+0.05,543
2017-09-15,"1,821,006","149,836,316",82.35,82.5,82.1,82.35, 0.00,666
2017-09-18,"2,692,818","223,439,577",82.85,83.15,82.6,83.15,+0.80,"1,093"
2017-09-19,"1,456,448","120,871,287",83.2,83.3,82.65,82.75,-0.40,689
2017-09-20,"9,963,674","818,692,732",82.5,82.65,82.1,82.2,-0.55,"3,861"
2017-09-21,"1,830,228","150,729,480",82.05,82.8,81.95,82.7,+0.50,677
2017-09-22,"5,605,786","458,418,952",82.6,82.6,81.55,81.6,-1.10,"1,799"
2017-09-25,"7,071,046","572,821,645",81.55,81.55,80.75,80.95,-0.65,"3,080"
2017-09-26,"11,752,300","947,629,479",80.8,81.05,80.3,80.3,-0.65,"4,705"
2017-09-27,"6,242,902","504,135,812",80.6,80.9,80.55,80.7,+0.40,"2,313"
2017-09-28,"6,899,317","555,464,689",80.75,80.8,80.3,80.4,-0.30,"2,076"
2017-09-29,"3,443,865","277,186,537",80.45,80.65,80.3,80.65,+0.25,"1,210"
2017-09-30,"1,585,133","128,476,096",81.0,81.2,80.85,81.2,+0.55,801
2017-10-02,"3,261,192","265,639,968",81.25,81.6,81.25,81.5,+0.30,931
2017-10-03,"1,578,103","128,664,783",81.55,81.7,81.3,81.5, 0.00,573
2017-10-05,"6,407,078","524,400,046",81.5,82.1,81.5,81.85,+0.35,851
2017-10-06,"4,126,781","338,645,008",82.1,82.2,81.95,82.1,+0.25,"1,028"
2017-10-11,"15,975,456","1,328,351,032",82.45,83.4,82.45,83.4,+1.30,"5,338"
2017-10-12,"8,770,044","736,349,192",83.55,84.2,83.55,84.2,+0.80,"3,463"
2017-10-13,"3,596,016","301,743,272",83.95,84.05,83.75,84.05,-0.15,"1,384"
2017-10-16,"4,045,713","340,972,938",84.05,84.5,84.05,84.5,+0.45,"1,852"
2017-10-17,"3,233,897","273,273,995",84.55,84.7,84.3,84.3,-0.20,"1,105"
2017-10-18,"4,472,628","378,300,867",84.8,85.0,84.3,84.6,+0.30,"1,094"
2017-10-19,"2,447,441","208,033,714",84.7,85.2,84.7,84.9,+0.30,895
2017-10-20,"1,725,562","146,031,654",84.4,84.85,84.4,84.55,-0.35,620
2017-10-23,"1,771,858","149,959,192",84.7,84.95,84.45,84.5,-0.05,527
2017-10-24,"1,072,153","90,505,455",84.5,84.5,84.2,84.4,-0.10,408
2017-10-25,"2,416,641","203,863,633",84.3,84.6,84.2,84.35,-0.05,545
2017-10-26,"3,226,482","271,833,233",84.15,84.4,84.0,84.25,-0.10,792
2017-10-27,"2,141,138","180,898,607",84.3,84.75,84.2,84.3,+0.05,561
2017-10-30,"3,357,992","285,709,119",85.1,85.35,84.8,84.95,+0.65,709
2017-10-31,"2,131,434","181,429,580",85.0,85.35,84.8,85.2,+0.25,552
2017-11-01,"1,313,748","111,897,404",85.35,85.4,84.95,85.1,-0.10,430
2017-11-02,"1,562,537","132,638,338",84.95,85.05,84.7,84.8,-0.30,479
2017-11-03,"1,455,869","123,451,696",84.95,85.05,84.6,84.7,-0.10,483
2017-11-06,"1,573,301","133,589,185",85.2,85.3,84.6,84.85,+0.15,749
2017-11-07,"2,211,471","188,228,636",85.0,85.3,84.85,85.3,+0.45,827
2017-11-08,"809,880","68,867,950",85.2,85.2,84.95,84.95,-0.35,399
2017-11-09,"1,258,299","106,726,777",84.95,85.05,84.4,84.4,-0.55,562
2017-11-10,"923,206","77,817,461",84.3,84.55,83.95,84.55,+0.15,552
2017-11-13,"979,282","82,529,190",84.25,84.4,84.2,84.3,-0.25,552
2017-11-14,"1,015,799","85,431,374",84.3,84.3,83.95,84.15,-0.15,620
2017-11-15,"6,270,191","523,327,685",83.8,83.85,83.15,83.3,-0.85,"2,923"
2017-11-16,"2,176,812","181,765,196",83.3,83.75,83.2,83.6,+0.30,"1,253"
2017-11-17,"7,196,119","606,871,857",84.3,84.45,84.15,84.35,+0.75,"1,336"
2017-11-20,"2,301,024","193,525,979",84.4,84.45,83.9,84.0,-0.35,"1,105"
2017-11-21,"4,469,688","376,042,144",83.9,84.8,83.9,84.75,+0.75,"1,019"
2017-11-22,"4,913,723","419,446,227",85.15,85.6,84.9,85.15,+0.40,"1,676"
2017-11-23,"1,552,051","132,161,764",85.15,85.35,84.95,85.2,+0.05,597
2017-11-24,"1,068,534","91,012,427",85.25,85.3,84.95,85.15,-0.05,530
2017-11-27,"2,127,304","179,561,728",85.15,85.15,84.1,84.15,-1.00,899
2017-11-28,"2,007,123","167,971,263",83.95,84.0,83.5,83.6,-0.55,"1,014"
2017-11-29,"1,381,859","115,678,483",83.65,83.95,83.55,83.7,+0.10,559
2017-11-30,"8,038,492","663,634,455",83.0,83.0,82.25,82.25,-1.45,"2,887"
2017-12-01,"5,620,322","462,116,126",82.15,82.9,81.65,82.6,+0.35,"2,376"
2017-12-04,"1,503,749","124,232,242",82.65,82.95,82.35,82.9,+0.30,673
2017-12-05,"1,880,132","154,873,413",82.55,82.65,82.2,82.25,-0.65,"1,308"
2017-12-06,"13,235,403","1,076,016,844",82.1,82.1,80.85,80.85,-1.40,"6,470"
2017-12-07,"7,309,030","590,253,335",81.2,81.25,80.45,80.9,+0.05,"3,451"
2017-12-08,"6,280,017","507,950,499",81.5,81.5,80.65,80.9, 0.00,"2,684"
2017-12-11,"2,738,995","223,183,119",81.2,81.65,81.2,81.5,+0.60,"1,611"
2017-12-12,"3,940,646","318,854,886",81.4,81.5,80.55,80.95,-0.55,"1,585"
2017-12-13,"1,676,999","135,829,186",81.1,81.2,80.9,81.0,+0.05,777
2017-12-14,"2,246,280","183,713,434",81.55,82.0,81.35,81.75,+0.75,882
2017-12-15,"4,077,161","329,949,967",81.65,81.65,80.65,81.1,-0.65,"1,649"
2017-12-18,"3,842,614","311,718,747",81.2,81.25,80.85,81.2,+0.10,787
2017-12-19,"4,095,098","331,846,488",81.2,81.4,80.7,80.8,-0.40,885
2017-12-20,"4,652,274","376,271,387",80.8,81.1,80.75,81.05,+0.25,"1,310"
2017-12-21,"1,240,823","100,664,300",81.1,81.35,81.0,81.0,-0.05,521
2017-12-22,"1,644,841","133,059,742",80.8,81.35,80.7,81.3,+0.30,546
2017-12-25,"1,002,933","81,627,136",81.3,81.55,81.3,81.45,+0.15,557
2017-12-26,"2,578,196","208,312,540",81.45,81.45,80.5,80.65,-0.80,"1,118"
2017-12-27,"3,600,143","290,733,340",80.6,80.9,80.55,80.9,+0.25,675
2017-12-28,"3,094,816","252,391,818",81.25,81.75,81.25,81.7,+0.80,962
2017-12-29,"4,690,296","384,768,069",81.75,82.2,81.75,82.15,+0.45,"1,612"
2018-01-02,"3,613,199","298,033,251",82.15,82.6,82.15,82.6,+0.45,"1,795"
2018-01-03,"7,196,437","599,476,413",82.95,83.45,82.95,83.35,+0.75,"3,014"
2018-01-04,"5,627,565","469,312,820",83.5,83.65,83.2,83.5,+0.15,"2,278"
2018-01-05,"7,616,796","636,768,692",83.5,83.8,83.3,83.75,+0.25,"2,562"
2018-01-08,"5,189,611","435,775,639",83.8,84.15,83.7,84.1,+0.35,"2,282"
2018-01-09,"3,664,716","308,057,554",84.1,84.25,83.9,84.15,+0.05,"1,340"
2018-01-10,"5,749,597","482,358,793",84.1,84.25,83.55,83.75,-0.40,"1,073"
2018-01-11,"2,579,225","214,867,793",83.65,83.7,83.1,83.4,-0.35,735
2018-01-12,"2,871,193","241,214,778",83.55,84.2,83.5,84.1,+0.70,"1,002"
2018-01-15,"2,819,852","238,493,616",84.55,84.7,84.4,84.65,+0.55,"1,126"
2018-01-16,"3,955,841","335,496,385",84.65,85.0,84.5,85.0,+0.35,"1,295"
2018-01-17,"5,698,268","485,174,071",84.65,85.45,84.65,85.15,+0.15,"2,017"
2018-01-18,"6,898,803","594,091,024",85.5,86.55,85.5,86.3,+1.15,"2,272"
2018-01-19,"5,302,072","461,040,360",86.35,87.15,86.35,87.15,+0.85,"1,445"
2018-01-22,"4,441,061","389,066,253",87.15,87.95,87.15,87.95,+0.80,"1,746"
2018-01-23,"5,799,932","511,405,502",88.05,88.4,87.9,88.3,+0.35,"1,842"
2018-01-24,"5,103,429","444,907,065",88.0,88.0,86.85,87.2,-1.10,"1,869"
2018-01-25,"4,983,684","436,967,956",87.25,88.3,87.15,87.45,+0.25,"1,652"
2018-01-26,"7,774,673","678,481,509",87.45,87.6,86.85,87.5,+0.05,"3,087"
2018-01-29,"6,445,797","551,350,942",85.5,86.15,85.2,85.55,X0.00,"3,453"
2018-01-30,"4,966,261","421,572,779",85.2,85.35,84.5,84.55,-1.00,"2,337"
2018-01-31,"4,251,739","359,040,915",84.4,85.0,84.15,84.65,+0.10,"1,176"
2018-02-01,"2,914,539","248,420,810",84.75,85.5,84.75,85.25,+0.60,897
2018-02-02,"3,081,592","261,095,295",84.85,85.15,84.35,84.9,-0.35,880
2018-02-05,"7,075,902","588,994,369",83.2,83.75,82.9,83.6,-1.30,"2,875"
2018-02-06,"32,222,595","2,574,016,957",80.85,81.1,78.8,79.65,-3.95,"11,372"
2018-02-07,"10,181,907","825,539,952",81.35,81.4,80.6,80.65,+1.00,"5,189"
2018-02-08,"4,514,691","363,476,832",80.65,80.95,80.3,80.6,-0.05,"1,972"
2018-02-09,"16,211,237","1,271,812,204",78.6,79.2,78.0,79.05,-1.55,"6,760"
2018-02-12,"8,443,795","672,977,850",79.55,79.9,79.4,79.7,+0.65,"3,828"
2018-02-21,"11,646,085","948,993,971",81.4,81.7,81.1,81.5,+1.80,"4,541"
2018-02-22,"3,749,910","303,821,917",81.5,81.5,80.75,81.0,-0.50,"1,744"
2018-02-23,"3,779,316","309,207,057",81.4,82.1,81.4,82.0,+1.00,"1,793"
2018-02-26,"3,289,207","271,560,439",82.55,82.8,82.35,82.4,+0.40,"1,380"
2018-02-27,"7,663,746","634,417,022",83.1,83.2,82.35,82.35,-0.05,"2,037"
2018-03-01,"4,344,220","354,595,798",81.55,81.95,81.15,81.75,-0.60,"2,554"
2018-03-02,"6,262,361","505,982,082",80.85,81.2,80.45,81.15,-0.60,"2,846"
2018-03-05,"3,723,757","301,898,098",81.1,81.5,80.65,80.75,-0.40,"1,223"
2018-03-06,"5,732,204","469,203,518",81.65,82.15,81.6,82.15,+1.40,"1,756"
2018-03-07,"2,619,161","214,899,152",81.75,82.45,81.7,81.8,-0.35,"1,029"
2018-03-08,"3,232,583","266,947,148",82.15,82.8,82.15,82.75,+0.95,"1,396"
2018-03-09,"2,832,064","234,740,002",82.9,83.0,82.7,82.85,+0.10,986
2018-03-12,"8,752,324","735,446,031",83.6,84.25,83.55,84.15,+1.30,"2,942"
2018-03-13,"9,837,435","831,704,291",84.35,84.95,84.3,84.95,+0.80,"3,126"
2018-03-14,"3,415,928","287,869,559",84.35,84.45,84.0,84.3,-0.65,"1,373"
2018-03-15,"3,506,898","295,014,773",84.0,84.3,83.9,84.25,-0.05,"1,533"
2018-03-16,"5,510,671","460,021,500",84.0,84.2,83.1,83.9,-0.35,"1,652"
2018-03-19,"2,035,534","170,676,406",83.65,84.1,83.45,83.85,-0.05,892
2018-03-20,"2,895,350","241,726,053",83.2,83.8,83.2,83.8,-0.05,"1,019"
2018-03-21,"4,891,527","410,076,823",83.8,84.1,83.6,83.85,+0.05,"2,337"
2018-03-22,"3,429,925","288,139,929",84.0,84.6,83.45,83.55,-0.30,"1,608"
2018-03-23,"8,259,738","677,767,488",81.85,82.4,81.8,82.1,-1.45,"2,816"
2018-03-26,"4,369,122","357,831,903",81.85,82.2,81.6,82.2,+0.10,"1,837"
2018-03-27,"3,277,568","272,571,549",83.0,83.4,82.95,83.4,+1.20,"1,015"
2018-03-28,"4,161,192","343,127,725",82.9,82.9,82.2,82.25,-1.15,"1,306"
2018-03-29,"4,099,855","336,213,829",82.25,82.35,81.8,82.1,-0.15,"1,127"
2018-03-30,"4,994,090","414,075,827",82.65,83.05,82.65,82.85,+0.75,"1,285"
2018-03-31,"878,295","72,801,339",82.85,83.05,82.75,82.95,+0.10,495
2018-04-02,"3,737,299","307,813,730",82.85,82.95,82.15,82.25,-0.7,"1,099"
2018-04-03,"6,187,523","503,435,586",81.5,81.55,81.2,81.5,-0.75,"2,624"
2018-04-09,"3,401,430","278,923,482",82.15,82.3,81.6,82.2,0.7,"1,167"
2018-04-10,"3,860,497","318,719,411",82.1,82.85,81.75,82.5,0.3,"1,039"
2018-04-11,"2,603,653","215,930,349",82.9,83.1,82.75,82.85,0.35,"1,252"
2018-04-12,"3,591,573","296,423,097",83.05,83.15,82.25,82.5,-0.35,"1,267"
2018-04-13,"2,982,732","246,303,554",82.7,82.8,82.3,82.5,0.0,792
2018-04-16,"1,809,198","148,796,053",82.65,82.65,82.0,82.3,-0.2,761
2018-04-17,"4,325,040","352,876,030",82.4,82.4,81.35,81.4,-0.9,"2,223"
2018-04-18,"3,739,837","305,624,331",81.6,82.1,81.35,81.6,0.2,"1,306"
2018-04-19,"4,461,269","367,816,687",81.9,82.65,81.9,82.65,1.05,"1,200"
2018-04-20,"9,017,715","728,325,834",81.0,81.1,80.5,80.75,-1.9,"3,705"
2018-04-23,"10,624,780","850,769,704",80.25,80.45,79.9,79.95,-0.8,"5,274"
2018-04-24,"16,867,787","1,341,875,510",79.9,79.95,79.05,79.55,-0.4,"6,924"
2018-04-25,"16,460,997","1,301,833,349",79.25,79.3,78.8,79.3,-0.25,"7,679"
2018-04-26,"16,485,778","1,305,124,761",79.7,79.7,78.8,79.05,-0.25,"6,863"
2018-04-27,"12,395,611","979,827,894",79.6,79.65,78.8,79.2,0.15,"4,730"
2018-04-30,"6,516,983","519,421,423",79.65,80.15,79.05,80.0,0.8,"2,677"
2018-05-02,"5,513,498","439,622,305",80.05,80.15,79.4,79.4,-0.6,"2,584"
2018-05-03,"8,823,434","694,073,004",79.05,79.05,78.35,78.55,-0.85,"4,248"
2018-05-04,"3,475,423","273,248,775",78.55,79.0,78.4,78.95,0.4,"1,860"
2018-05-07,"3,858,382","305,849,245",79.5,79.55,78.8,79.5,0.55,"1,752"
2018-05-08,"5,352,116","427,504,370",79.4,80.05,79.35,80.0,0.5,"2,272"
2018-05-09,"3,359,022","270,071,272",80.0,80.55,80.0,80.45,0.45,"1,914"
2018-05-10,"5,977,304","481,662,488",80.7,80.7,80.45,80.65,0.2,"3,239"
2018-05-11,"17,654,297","1,436,892,102",81.1,81.7,81.05,81.6,0.95,"6,364"
2018-05-14,"17,197,686","1,414,607,650",82.0,82.6,81.9,82.5,0.9,"6,171"
2018-05-15,"7,222,482","592,065,703",82.35,82.4,81.65,81.65,-0.85,"2,449"
2018-05-16,"8,293,601","677,320,569",81.45,81.8,81.4,81.75,0.1,"2,922"
2018-05-17,"1,940,778","158,110,701",81.95,82.0,81.2,81.2,-0.55,"1,009"
2018-05-18,"2,360,712","191,353,462",81.2,81.5,80.85,80.95,-0.25,"1,051"
2018-05-21,"3,889,661","318,673,185",81.2,82.1,81.2,82.05,1.1,"1,717"
2018-05-22,"1,837,449","150,711,615",81.8,82.3,81.75,81.75,-0.3,834
2018-05-23,"2,124,373","173,329,337",81.9,82.0,81.3,81.35,-0.4,663
2018-05-24,"1,135,324","92,525,577",81.35,81.7,81.25,81.55,0.2,460
